Artist,Times Seen,First Concert,Last Concert,Venues (sample)
Bruce Springsteen & the E Street Band,72,1999-07-15,2024-08-23,"Izod Center, XL Center, Madison Square Garden, Wachovia Center, Schottenstein Center..."
Billy Joel,65,1996-03-16,2025-02-22,"Eisenhower Hall, Nassau Coliseum, Madison Square Garden, Izod Center, 92 Y..."
Bruce Springsteen,29,2001-12-04,2024-09-13,"Convention Hall, Wachovia, Izod Center, Arena at Harbor Yard, Nassau Coliseum..."
Elton John,22,1995-10-14,2022-07-23,"Madison Square Garden, Fleet Center, Arena at Harbor Yard, Caesars Palace, Nassau Coliseum..."
Dave Matthews Band,20,1998-06-07,2025-05-24,"Giants Stadium, The Meadowlands, Madison Square Garden, Central Park, Jones Beach Theater..."
Jimmy Buffett,20,1999-02-22,2021-08-10,"Madison Square Garden, Southhampton College, Jones Beach Theater, Today Show Plaza"
Dead & Company,19,2015-10-29,2024-06-15,"Times Union Center, Madison Square Garden, Citi Field, Nassau Coliseum, Xfinity Center..."
Allman Brothers Band,18,1996-03-12,2011-03-18,"Beacon Theatre, Jones Beach Theater, United Palace Theater"
U2,18,1997-05-31,2023-10-05,"Giants Stadium, Izod Center, Madison Square Garden, Wachovia, MetLife Stadium..."
Keith Urban,17,2011-07-09,2025-10-03,"Mohegan Sun Arena, Highline Ballroom, The Meadowlands, Today Show Plaza, Stage 48..."
Bon Jovi,14,2001-07-28,2018-05-10,"Giants Stadium, Continental, Prudential Center, Madison Square Garden, Chelsea Piers..."
John Fogerty,14,1997-06-03,2025-05-28,"Hammerstein, Great South Bay Music Festival, PNC Bank Arts Center, Beacon Theatre, Stamford Center for Arts..."
KISS,14,1996-07-25,2023-12-02,"Madison Square Garden, Nassau Coliseum, Jones Beach Theater, Izod Center, Barclays Center"
Will Hoge,14,2013-07-25,2024-10-24,"Bowery, Bell House Brooklyn, Wonder Bar, The Saint Asbury Park, City Winery NYC..."
Joe Bonamassa,13,2010-11-12,2025-02-27,"Stamford Center, NYCB Theatre at Westbury, Beacon Theatre, Carnegie Hall, Bushnell Theater..."
John Hiatt,13,2008-08-07,2024-05-31,"Rockin River Cruise, Tarrytown Music Hall, City Winery, Ridgefield Playhouse, Caramoor"
Paul McCartney,13,2002-04-21,2022-06-16,"Nassau Coliseum, Madison Square Garden, Citi Field, Yankee Stadium, Barclays Center..."
Pearl Jam,13,1998-09-10,2024-09-12,"Madison Square Garden, Nassau Coliseum, Continental, Barclays Center, Fenway..."
Eric Clapton,12,1995-09-19,2025-09-19,"Nassau Coliseum, Madison Square Garden, Jones Beach Theater"
Avett Brothers,11,2016-04-09,2025-08-08,"Capitol Theatre, Great South Bay Music Festival, Westville Music Bowl, Tilles Center"
Bob Dylan,11,1996-05-01,2023-11-16,"Mid Hudson Civic Center, XL Center, Jones Beach Theater, Bridgeport Harbor Yard, Capitol Theatre..."
Tom Petty & the Heartbreakers,11,1995-08-18,2017-07-27,"The Meadowlands, Irving Plaza, PNC Bank Arts Center, Jones Beach Theater, Madison Square Garden..."
Bob Weir & Wolf Brothers,8,2018-11-10,2023-12-17,"Capitol Theatre, Beacon Theatre, Radio City Music Hall, Westville Music Bowl"
John Mellencamp,8,1997-04-12,2023-06-06,"MSG - Paramount, Jones Beach Theater, OMaha Qwest Center, Radio City Music Hall, Carnegie Hall..."
Roger Waters,8,1999-08-07,2022-08-31,"Jones Beach Theater, Madison Square Garden, Nassau Coliseum, UBS Arena"
Zac Brown Band,8,2015-08-22,2023-09-16,"Citi Field, Jones Beach Theater"
Black Crowes,7,1999-02-28,2024-12-22,"Beacon Theatre, Central Park, NYCB Theatre at Westbury, Xfinity Center, Bridgeport Amphitheatre..."
Mumford & Sons,7,2010-11-15,2025-08-09,"Terminal 5, Barclays Center, Le Poisson Rouge, Forest Hills, Madison Square Garden..."
Chris Stapleton,6,2017-07-15,2025-07-25,"Xfinity Hartford, Madison Square Garden, Jones Beach Theater, Albany Times Union Center"
Jackson Browne,6,2008-04-06,2025-08-13,"Great South Bay Music Festival, Beacon Theatre, Capitol Theatre, Bridgeport Amphitheatre"
Kings of Leon,6,2009-09-14,2024-10-05,"Nassau Coliseum, Madison Square Garden, Bridgeport Amphitheatre"
Kip Moore,6,2016-12-01,2024-12-12,"Terminal 5, Manhattan Center, Ridgefield Playhouse, Mayo Performing Arts, Webster Hall"
Richard Thompson,6,2019-05-11,2024-03-01,"Outpost at Burbs, City Winery, Symphony Space, City Winery HV, Emelin Theater"
Rush,6,1996-12-15,2015-06-29,"Izod Center, Jones Beach Theater, Madison Square Garden"
The Who,6,1996-07-20,2025-08-28,"Madison Square Garden, Jones Beach Theater"
Aerosmith,5,1997-08-06,2018-08-15,"Madison Square Garden, Jones Beach Theater, Beacon Theatre, Today Show Plaza"
Brad Paisley,5,2016-08-04,2025-07-18,"Jones Beach Theater, Today Show Plaza, Bridgeport"
Dickey Betts & Great Southern,5,2002-06-16,2011-01-28,"BB Kings, Mulcahey, Ridgefield Playhouse"
Doobie Brothers,5,2010-11-19,2025-06-06,"NYCB Theatre at Westbury, Capitol Theatre, Jones Beach Theater, Irving Plaza"
Eric Church,5,2015-05-02,2025-09-20,"Prudential Center, Barclays Center, XL Center, Madison Square Garden"
Fleetwood Mac,5,2003-09-30,2019-03-11,"Madison Square Garden, Today Show Plaza"
Guns N' Roses,5,2002-12-03,2021-08-05,"XL Center, MetLife Stadium, Madison Square Garden, Prudential Center"
Jesse Malin,5,2010-03-04,2025-09-05,"Bowery Electric, Electric Bowery, City Winery, Stone Pony, Gramercy Theater"
John Hiatt & Lyle Lovett,5,2009-02-08,2019-02-22,"Morristown Theater, Portchster, Ridgefield Playhouse, Beacon Theatre, Tarrytown Music Hall"
Lady Gaga,5,2010-07-07,2025-08-27,"Madison Square Garden, Roseland, Citi Field, Dolby Live (Vegas)"
Lyle Lovett,5,2009-11-04,2017-08-09,"Beacon Theatre, Tarrytown Music Hall, Capitol Theatre"
Peter Frampton,5,2008-01-08,2025-04-01,"Gibson Guitar Tent (Vegas), NYCB Theatre at Westbury, Jones Beach Theater, Capitol Theatre"
Phil Collins,5,2004-09-18,2019-10-07,"Madison Square Garden, Roseland, Prudential Center"
Richie Havens,5,1998-05-13,2009-08-21,"Turning Point, Towne Crier, Towne Criere, Yorktown heights FDR Park"
Roger McGuinn,5,1996-07-13,2025-05-09,"Paramount - Peekskill, Tarrytown Music Hall, Irvington Town Hall"
The Eagles,5,1996-06-24,2022-04-23,"Nassau Coliseum, Izod Center, Madison Square Garden, UBS Arena"
Weird Al,5,2010-06-24,2025-07-12,"NYCB Theatre at Westbury, Radio City Music Hall, Ridgefield Playhouse, Carnegie Hall, Madison Square Garden"
Bob Seger,4,2011-11-26,2019-05-30,"Mohegan Sun Arena, Barclays Center, Madison Square Garden, Jones Beach Theater"
David Gilmour,4,2016-04-11,2024-11-05,Madison Square Garden
ELO,4,2016-09-16,2024-09-16,"Radio City Music Hall, Madison Square Garden, Prudential Center"
Elton John & Billy Joel,4,1994-07-24,2002-10-11,"Giants Stadium, XL Center, Nassau Coliseum"
Garth Brooks,4,2010-11-11,2017-03-11,"Chelsea Piers, Yankee Stadium, Albany Times Union Center"
Green Day,4,1994-12-02,2017-03-15,"Nassau Coliseum, Verizon Center (NH), OMaha (Qwest Center), Barclays Center"
Jason Aldean,4,2017-08-25,2023-07-15,"Today Show Plaza, Jones Beach Theater, Xfinity Center"
Luke Bryan,4,2014-09-14,2025-05-31,"Barclays Center, MetLife Stadium, Jones Beach Theater"
Melissa Etheridge,4,1996-08-23,2023-11-14,"Jones Beach Theater, NYCB Theatre at Westbury, Capitol Theatre, Circle in Square"
Phish,4,2000-06-28,2024-12-28,"PNC Bank Arts Center, Jones Beach Theater, Madison Square Garden"
Rolling Stones,4,2019-08-01,2024-05-26,MetLife Stadium
Steve Miller Band,4,1997-07-31,2022-08-14,"Jones Beach Theater, Jones Beacj, NYCB Theatre at Westbury, Bridgeport Amphitheatre"
The Rolling Stones,4,1994-08-14,2005-09-15,Giants Stadium
Tom Petty & The Heartbreakers,4,2008-06-17,2018-06-18,"Madison Square Garden, Prudential Center, XL Center"
Weird Al Yankovic,4,2013-06-02,2019-07-19,"Portchester, Tarrytown, Paramount Huntington, Foxwoods Casino"
Willie Nile,4,2015-05-17,2018-10-03,"Ossining Library, City Winery, Daryls House"
ACDC,3,2001-05-08,2015-08-26,"Madison Square Garden, MetLife Stadium"
Barry Manilow,3,2017-12-07,2024-04-17,"Nassau Coliseum, Broadway, Radio City Music Hall"
Blues Traveler,3,2018-02-25,2025-05-29,"Capitol Theatre, Beacon Theatre"
Bruce Springsteen & the Seeger Sessions Band,3,2006-04-20,2006-06-25,"Convention Hall, Madison Square Garden, PNC Bank Arts Center"
Creed,3,2002-07-27,2024-11-29,"Izod Center, Jones Beach Theater, Madison Square Garden"
"Crosby, Stills & Nash",3,1997-06-28,2005-08-02,"Thunder Ridge, Jones Beach Theater, Beacon Theatre"
"Crosby, Stills and Nash",3,2010-08-20,2012-10-17,"Jones Beach Theater, Beacon Theatre"
Dierks Bentley,3,2018-06-12,2024-08-18,"Today Show, Jones Beach Theater, US Open Tennis Stadium"
Foo Fighters,3,2018-07-14,2024-07-17,"Jones Beach Theater, Bridgeport Amphitheatre, Citi Field"
Further,3,2010-11-20,2011-11-10,"Madison Square Garden, Radio City Music Hall"
Garth Brooks w. Trisha Yearwood,3,2016-02-27,2017-12-02,"DCU Center, Prudential Center"
Govt Mule,3,2018-04-27,2024-12-30,"Capitol Theatre, Stubbs BBQ, Beacon Theatre"
Huey Lewis & the News,3,2003-03-02,2010-07-15,"Foxwoods, NYCB Theatre at Westbury"
Joe Cocker,3,1995-03-16,2005-02-11,"Beacon Theatre, Jones Beach Theater, Stamford Center for Arts"
John Hiatt & Rick Brantley,3,2014-09-21,2016-05-10,"Tarrytown Music Hall, Peekskill Paramount, Ridgefield"
Kenny Loggins,3,2001-07-22,2011-06-18,"Hilton,  Atlantic City, NYCB Theatre at Westbury"
Lee Dewyze,3,2014-03-19,2015-04-10,"Iridium, Social Club"
Light of Day,3,2017-01-14,2024-01-20,"Paramount Asbury, Count Basie"
Lynyrd Skynyrd,3,2001-05-26,2022-07-02,"Trump MArina,  Atlantic City, NYCB Theatre at Westbury, Bridgeport Amphitheatre"
Neil Young,3,1996-08-26,2023-07-05,"Jones Beach Theater, Madison Square Garden, Ford Amphitheater"
Paul Simon,3,2009-11-13,2025-06-18,"Chelsea Piers, Madison Square Garden, Beacon Theatre"
Queen + Adam Lambert,3,2014-07-17,2023-10-12,Madison Square Garden
Rod Stewart,3,1996-02-01,2022-08-23,"XL Center, Madison Square Garden, Jones Beach Theater"
Southside Johnny & the Asbury Jukes,3,2002-02-01,2006-09-30,"Webster Theater, BB Kings, Yonkers"
Steely Dan,3,2000-07-08,2016-04-19,"Jones Beach Theater, Beacon Theatre, Capitol Theatre"
Stone Temple Pilots,3,2001-10-26,2008-05-31,"XL Center, Great South Bay Music Festival, PNC Bank Arts Center"
The Killers,3,2007-04-28,2018-01-09,"Madison Square Garden, Barclays Center"
The Wallflowers,3,1997-11-23,2023-05-09,"O'Neill Center, Ridgefield Playhouse"
Tom Petty & the Heartbreakers & Jackson Browne,3,2001-07-01,2002-12-13,"PNC Bank Arts Center, Jones Beach Theater, Madison Square Garden"
Van Halen,3,2007-11-13,2015-08-13,"Madison Square Garden, Jones Beach Theater"
Zach Bryan,3,2024-03-30,2025-07-19,"UBS Arena, Barclays Center, MetLife Stadium"
Amos Lee,2,2018-09-16,2024-07-12,"Capitol Theatre, Tarrytown Music Hall"
As the Crow Flies (Chris Robinson),2,2018-04-17,2018-12-30,Capitol Theatre
Billy Joel & Elton John,2,2009-07-18,2009-08-01,"Gillette Stadium, Citizens Bank Stadium"
Bob Seger & the Silver Bullet Band,2,1996-06-08,2007-01-25,"Jones Beach Theater, Madison Square Garden"
Bobby & Phil,2,2018-03-02,2018-03-03,Radio City Music Hall
Brian Wilson,2,2018-12-05,2021-10-06,"NYCB Theatre at Westbury, Capitol Theatre"
Brothers Osbourne,2,2019-01-23,2022-03-23,"Terminal 5, Capitol Theatre"
Bruce Springsteen In Conversation,2,2016-10-07,2017-04-28,"Town Hall, Beacon Theatre"
Bryan Adams,2,2013-12-12,2015-06-22,"Tilles Center, Beacon Theatre"
Buddy Guy,2,2022-06-10,2024-04-14,"Tarrytown Music Hall, NYCB Theatre at Westbury"
Chicago,2,2011-05-19,2018-09-19,"NYCB Theatre at Westbury, Capitol Theatre"
Colin Hay,2,2022-04-07,2024-04-13,"Tarrytown Music Hall, Patchogue Theatre"
"Crosby, Stills, Nash & Young",2,2000-03-11,2000-04-12,"Ice Arena Tampa,  FL, XL Center"
"Crosby, Stills, Nash & young",2,2002-02-28,2006-08-20,"XL Center, PNC Bank Arts Center"
DEAD: Phil Lesh + Friends (w. Warren Haynes & Q),2,2021-10-11,2022-07-01,"Capitol Theatre, Bridgeport Amphitheatre"
Donovan,2,2006-11-08,2016-09-18,"Peekskill, Peekskill Paramount"
Eagles,2,2018-10-12,2020-02-15,"Newark, Madison Square Garden"
Elton John & Leon Russell,2,2011-03-16,2011-03-20,Madison Square Garden
Eric Clapton & Steve Winwood,2,2008-02-28,2009-06-10,"Madison Square Garden, Izod Center"
Fab Faux,2,2007-03-14,2008-11-08,"Webster Hall, Queens College"
Gaslight Anthem,2,2010-06-15,2010-09-30,"Irving Plaza, Radio City Music Hall"
George Thorogood & the Destroyers,2,1997-12-12,2025-03-03,"Hammerstein, Ridgefield Playhouse"
Hall & Oates,2,2004-11-30,2016-06-16,"Stamford Center for Arts, Wester Bank Arena"
Huey Lewis  The News,2,2016-04-16,2017-06-21,"Oakdale Theater, NYCB Theatre at Westbury"
Jason Isbell,2,2022-04-05,2025-02-20,"Tarrytown Music Hall, Capitol Theatre"
Jerry Seinfeld,2,2016-05-05,2017-06-08,Beacon Theatre
Jethro Tull,2,1997-08-08,2007-12-01,Great South Bay Music Festival
Jimmy Buffett & the Coral Reefer Band with Huey Lewis,2,2015-08-18,2015-12-31,"Jones Beach Theater, Barclays Center"
Kenny Chesney,2,2012-06-22,2017-08-11,"NBC Plaza, Mohegan Sun Arena"
Kenny Chesney & Thomas Rhett & Old Dominion,2,2017-08-26,2018-06-09,"Gillette Stadium, Lincoln Financial"
Kiss & Aerosmith,2,2003-08-11,2003-11-16,"PNC Bank Arts Center, Madison Square Garden"
Lindsey Buckingham,2,2018-12-06,2021-09-16,"Peekskill Paramount, Town Hall"
Lionel Richie,2,2014-06-25,2019-07-17,"Jones Beach Theater, Radio City Music Hall"
Live,2,2023-03-23,2024-02-28,Ridgefield Playhouse
Lone Bellow,2,2024-10-17,2025-03-16,"Tarrytown Music Hall, Ridgefield Playhouse"
Lyle Lovett & His Big Band,2,2015-08-09,2019-07-31,"Damrosch Park Lincoln Center, Ridgefield Playhouse"
Mac McAnally,2,2023-11-21,2024-11-18,"City Winery, Sony Hall"
Madonna,2,2004-07-07,2024-01-23,"Izod Center, Madison Square Garden"
Metallica,2,2000-07-20,2017-05-17,"Giants Stadium, Nassau Coliseum"
Mike Campbell and Dirty Knobs,2,2022-03-26,2022-09-16,"Ridgefield Playhouse, Capitol Theatre"
Mudcrutch,2,2016-06-10,2016-06-14,"Webster Hall, Capitol Theatre"
Neil Diamond,2,2008-08-12,2017-06-17,Madison Square Garden
OAR,2,2013-08-03,2019-04-05,"PNC Bank Arts Center, Hard Rock NYC"
Oasis,2,2005-06-22,2025-09-01,"Madison Square Garden, MetLife Stadium"
Peter Gabriel,2,2010-05-03,2023-09-18,"Radio City Music Hall, Madison Square Garden"
Phil Lesh & Friends,2,2006-02-15,2023-03-19,"Beacon Theatre, Capitol Theatre"
Phil Lesh & Friends (W. Warren Haynes),2,2016-05-27,2024-03-04,Capitol Theatre
Prince,2,2004-07-16,2010-12-18,"Izod Center, Madison Square Garden"
Queen + Paul Rodgers,2,2005-10-16,2006-03-12,"Continental, Nassau Coliseum"
REM,2,1995-06-23,2004-11-04,Madison Square Garden
Red Hot Chile Peppers,2,1996-02-16,2003-05-20,"Nassau Coliseum, Madison Square Garden"
Ringo Starr,2,2010-06-30,2025-06-13,"NYCB Theatre at Westbury, Radio City Music Hall"
Ringo Starr & All Starr Band,2,2017-11-15,2018-09-13,"Beacon Theatre, Radio City Music Hall"
Ryan Bingham,2,2012-10-18,2019-04-23,"Webster, Brooklyn Steel"
Sheryl Crow,2,2010-09-26,2021-09-14,"Radio City Music Hall, Capitol Theatre"
Steve Earle & The Dukes with The Mastersons,2,2015-09-24,2018-04-15,"Tarrytown Music Hall, Peekskill"
Stevie Wonder,2,2007-11-17,2015-10-11,"Madison Square Garden, XL Center"
Sting,2,1996-07-07,2024-10-13,"Jones Beach Theater, Capitol Theatre"
Tedeschi Trucks Band,2,2021-07-13,2024-10-08,"Ridgefiled Playhouse Field, Capitol Theatre"
The Brothers,2,2020-03-10,2025-04-15,Madison Square Garden
The Dead,2,2009-04-25,2009-04-28,"Madison Square Garden, Izod Center"
The Police,2,2007-08-05,2008-07-03,"Giants Stadium, PNC Bank Arts Center"
The Who and Joan Jett,2,2015-05-26,2016-03-03,"Barclays Center, Madison Square Garden"
Todd Rundgren,2,2010-04-11,2012-10-09,Ridgefield Playhouse
Tyler Childers,2,2023-08-02,2024-05-28,"Radio City Music Hall, Madison Square Garden"
Vince Gill,2,2018-01-26,2025-07-11,"Opry City Stage, Beacon Theatre"
Will Hoge w. Elizabeth Cook,2,2019-10-22,2019-10-23,"City Vinyard, Daryls House"
ZZ Top,2,2011-08-28,2022-10-18,"Ives Center, Capitol Theatre"
ZZTOP,2,2013-05-15,2013-05-15,"Jones Beach Theater, NYCB Theatre at Westbury"
"12-12-12 Concert For Sandy Relief:  Bruce Springsteen, 
Paul McCartney, Rolling Stones, The Who, Blly Joel, Roger Waters, Chris Martin,  Bon Jovi, Eric Clapton",1,2012-12-12,2012-12-12,Madison Square Garden
311 & Sugar Ray,1,1997-11-21,1997-11-21,Roseland
53 Thieves,1,2024-04-04,2024-04-04,Mercury Lounge
Ace Frehley,1,2023-07-09,2023-07-09,Ridgefield Playhouse
Adele,1,2016-09-22,2016-09-22,Madison Square Garden
Aerosmith & Black Crowes,1,2023-09-09,2023-09-09,UBS Arena
Aerosmith & Slash,1,2014-07-10,2014-07-10,Jones Beach Theater
Aerosmith with Cheap Trrick,1,2012-07-01,2012-07-01,Nassau Coliseum
Alice Cooper,1,2000-10-19,2000-10-19,Great South Bay Music Festival
"All for Hall: Vince Gill, Maren Morris, Emmylou, Kesha",1,2018-02-13,2018-02-13,Playstation Theater
"Alliance for Neighbors concert (Bruce Springsteen, Bon Jovi, Joan Jett, John Eddie, Joe ely, Sonny Burgess, Highway 9, Felix Cavaliere, Aztec Two Step, Phoebe Snow, DJ Fontana, Scotty Moore)",1,2001-10-19,2001-10-19,Count Basie
Allman Brothers Band & Hot Tuna,1,2000-08-04,2000-08-04,Jones Beach Theater
Allman Brothers and Ratdog,1,2007-08-21,2007-08-21,Jones Beach Theater
Amos Lee & David Gray,1,2015-06-17,2015-06-17,Radio City Music Hall
Andrea Bocelli,1,2019-12-19,2019-12-19,Madison Square Garden
Avett Brothers (w./ Clem Snide),1,2022-08-27,2022-08-27,Capitol Theatre
BB King: Thrill is Gone Concert,1,2020-02-16,2020-02-16,Capitol Theatre
Bad Company & Joe Walsh,1,2016-06-11,2016-06-11,PNC Bank Arts Center
Barenaked Ladies,1,2004-02-22,2004-02-22,Izod Center
Barenaked Ladies & Guster,1,2001-02-15,2001-02-15,Madison Square Garden
Barry Gibb,1,2014-05-23,2014-05-23,Jones Beach Theater
Beach Boys,1,2018-08-17,2018-08-17,Ford Amphitheater
Benmont Tench,1,2025-06-25,2025-06-25,City Winery
Billy Currington,1,2024-06-22,2024-06-22,Pier 17
Billy Gibbons,1,2025-02-10,2025-02-10,Bardavon Theatre
Billy Joel (100th),1,2024-03-28,2024-03-28,Madison Square Garden
Billy Joel (75th Birthday),1,2024-05-09,2024-05-09,Madison Square Garden
Billy Joel (Final Franchise),1,2024-07-25,2024-07-25,Madison Square Garden
Billy Joel (with Bruce Springsteen),1,2018-07-18,2018-07-18,Madison Square Garden
Black Crowes & Oasis,1,2001-06-08,2001-06-08,Radio City Music Hall
Blackberry Smoke,1,2024-03-22,2024-03-22,Capitol Theatre
"Blake Shelton (Trace Adkins, Craig  Morgan, Deana Carter, Emily Ann Roberts)",1,2025-03-06,2025-03-06,Prudential Center
Bob Dylan & Van Morrison,1,1998-01-16,1998-01-16,MSG - Paramount
Bob Dylan and Phil Lesh & Friends,1,1999-11-10,1999-11-10,New Haven Coliseum
Bob Seger & Silver Bullet Band,1,2019-10-30,2019-10-30,Madison Square Garden
Bob Seger (guest: Bruce Springsteen),1,2011-12-01,2011-12-01,Madison Square Garden
Bob Weir & Ratdog,1,2006-04-06,2006-04-06,Beacon Theatre
Bob Weir & Ratdog & String Cheese Incident,1,2006-07-14,2006-07-14,Radio City Music Hall
Bob Weir and Wolf Brothers,1,2019-03-02,2019-03-02,Oakdale Theater
Bon Jovi (Hillary Benefit),1,2009-01-14,2009-01-14,Town Hall
Bon Jovi and J. Geils Band,1,2013-07-27,2013-07-27,MetLife Stadium
Bonnie Raitt & Lyle Lovett,1,2002-08-11,2002-08-11,Jones Beach Theater
Bono,1,2023-04-21,2023-04-21,Beacon Theatre
Boston,1,1997-07-09,1997-07-09,Livin For You
Brad Paisely,1,2019-08-29,2019-08-29,Xfinity Center
Brad Paisley & Dierks Bentley,1,2009-10-21,2009-10-21,Madison Square Garden
Brad Paisley and Chris Young,1,2013-05-18,2013-05-18,The Meadowlands
Brad Paisley and The Band Perry and Easton Corbin,1,2012-06-01,2012-06-01,Jones Beach Theater
Brad Paisley with Blake Shelton & Jerrod Neimann,1,2011-06-04,2011-06-04,The Meadowlands
Brad Paisley with Justin Moore,1,2016-07-25,2016-07-25,The Meadowlands
Brandon Flowers,1,2010-12-02,2010-12-02,Hammerstein
Brantley Gilbert with Justin Moore and Colt Ford,1,2016-10-14,2016-10-14,Red Rocks
Brian Fallon & Ryan Bingham,1,2016-09-23,2016-09-23,Capitol Theatre
Bruce Springsteen (Late Night,1,2022-11-14,2022-11-14,Late Night Studio
Bruce Springsteen + Earle + Nile + Cash (7th Annual J. Henry),1,2021-12-13,2021-12-13,Town Hall
Bruce Springsteen / Jann Wenner,1,2022-09-13,2022-09-13,92Y
"Bruce Springsteen with U2, Carrie Underwood, Chris Martin and Kanye West",1,2014-12-01,2014-12-01,Times Square
"Bruce Springsteen, Peter Gabriel, Hall & Oates, Nirvana, Cat Stevens, Stevie Nicks, Emmylou Harries, Bonnie Raitt, Carrie Underwood",1,2014-04-10,2014-04-10,Barclays Center
Bruce Springsteen/Crow: Stand Up for Heroes,1,2019-11-04,2019-11-04,MSG Theater
"Bruce Springsteen: 
Light of Day with Jesse Malin, Willie Nile, Joe Grushecky & Joe D'Urso",1,2010-01-16,2010-01-16,Paramount Asbury
Bruce Springsteen:  Light of Day,1,2025-01-18,2025-01-18,Count Basie
Bruce Springsteen: Light of Day 11,1,2011-01-15,2011-01-15,Paramount Asbury
Bruce Springsteen: Stand Up For Heroes,1,2014-11-05,2014-11-05,MSG Theather
"Bruce Springsteen: Stand Up For Heroes  (Gaffigan, Seinfeld, CK & Stewart)",1,2016-11-01,2016-11-01,MSG Theater
Bryan Adams (w. Dave Stewart),1,2024-03-16,2024-03-16,Prudential Center
Buckingham/McVie,1,2017-08-10,2017-08-10,Beacon Theatre
Candlelight Concerts:  Beatles,1,2024-11-16,2024-11-16,Play Group Theatre
"Charlie Daniels Band, Dickey Betts Band and .38 Special",1,2001-06-07,2001-06-07,NYCB Theatre at Westbury
Cher,1,2004-08-28,2004-08-28,Mohegan Sun Arena
Chicago and Hall & Oates,1,1998-07-11,1998-07-11,PNC Bank Arts Center
Chris Stapleton w Margo Price,1,2023-10-07,2023-10-07,UBS Arena
Chris Young,1,2014-11-14,2014-11-14,Best Buy Theater
Christopher Cross,1,2023-09-28,2023-09-28,Sony Hall
Christopher Robin Band,1,2010-08-13,2010-08-13,Towne Crier Cafe
Clancy Brothers,1,2000-03-13,2000-03-13,Toads
"Clancy, OConnell and Clancy",1,2000-08-16,2000-08-16,Irish Pub of Cape Cod
"Classic East: Eagles, Steely Dan, Doobies",1,2017-07-29,2017-07-29,Citi Field
"Classic East: Fleetwood Mac, EWF, Journey",1,2017-07-30,2017-07-30,Citi Field
"Concert for New York (David Bowie, Bon Jovi, Goo Goo Dolls, 
Eric Clapton, Destiny's Child, Backstreet Boys, Elton John, Billy Joel, James Taylor, Paul McCartney, Melissa Etheridge, The Who, Mick Jagger/Keith Richards, John Mellencamp)",1,2001-10-20,2001-10-20,Madison Square Garden
Counting Crowes,1,2022-08-03,2022-08-03,Capitol Theatre
Counting Crows & Goo Goo Dolls,1,2006-08-04,2006-08-04,Jones Beach Theater
Cream,1,2005-10-25,2005-10-25,Madison Square Garden
Creedence Clearwater Revisited (Doug Clifford & Stu Cook),1,1999-03-14,1999-03-14,Universal Florida
Crosby & Nash,1,2008-10-16,2008-10-16,Purchase
Daryl Hall & Elvis Costello,1,2024-07-16,2024-07-16,Radio City Music Hall
Dave Matthews & Tim Reynolds,1,2003-03-17,2003-03-17,Great South Bay Music Festival
Dave Matthews Band & Barenaked Ladies,1,2005-07-30,2005-07-30,Randall's Island
Dave Matthews Band & Santana,1,1999-05-26,1999-05-26,Giants Stadium
Dave Matthews Band with Zach Brown Band,1,2010-07-16,2010-07-16,Citi Field
Dawes,1,2019-02-06,2019-02-06,Capitol Theatre
Dead and Company,1,2019-10-31,2019-10-31,Madison Square Garden
Diana Ross,1,,,Jones Beach Theater
Dickey Betts Band,1,2000-09-23,2000-09-23,Webster Theater
Dierks Bentley & Brothers Osborne,1,2018-09-08,2018-09-08,Madison Square Garden
Don Henley (w. Shawn Colvin),1,2015-11-03,2015-11-03,Capitol Theatre
Doobie Brothers & Coral Reefer Band,1,2025-08-10,2025-08-10,Jones Beach Theater
Doobie Brothers (Peter Wolf),1,2019-11-23,2019-11-23,Westchester County Center
Doobie Brothers and Steve Winwood,1,2024-08-07,2024-08-07,Madison Square Garden
Dwight Yoakam,1,2019-11-09,2019-11-09,Terminal 5
Ed Sheeran,1,2024-05-22,2024-05-22,Barclays Center
Eddie Money,1,2008-01-31,2008-01-31,BB Kings
Eddie Vedder & The Earthlings,1,2022-02-06,2022-02-06,NJPAC
Elton John & Symphony,1,2004-07-18,2004-07-18,Radio City Music Hall
Elton John Tribute,1,2018-01-30,2018-01-30,MSG Theater
"Elton John, Katy Perry, Andra Day",1,2016-03-02,2016-03-02,Radio City Music Hall
Emerson & Lake,1,2010-04-09,2010-04-09,NYCB Theatre at Westbury
Emmylou Harris,1,2024-03-21,2024-03-21,Capitol Theatre
Empire of the Sun,1,2024-11-26,2024-11-26,Kings Theatre
Eric Church & Dwight Yoakam,1,2014-10-17,2014-10-17,Madison Square Garden
Eric Clapton & Jeff Beck,1,2010-02-19,2010-02-19,Madison Square Garden
Eric Clapton (70th Birthday bash),1,2015-05-03,2015-05-03,Madison Square Garden
Esteban,1,2006-01-20,2006-01-20,Mohegan Sun Arena
Etheridge?,1,,,
Family Guy Sings Live at Carnegie Hall (Seth MacFarlane),1,2008-11-24,2008-11-24,Carnegie Hall
"Farm Aid: Nelson, Young, Dave & Tim, Rateliffe, Mellencamp",1,2024-09-21,2024-09-21,SPAC
Flight of the Conchords,1,2009-04-15,2009-04-15,Radio City Music Hall
Foo Fighters:  Dave Grohl: Storyteller,1,2021-10-05,2021-10-05,Town Hall
Garry Tallent,1,2017-05-03,2017-05-03,Daryl's House
Gaslight Anthem & Jesse Malin,1,2009-10-15,2009-10-15,Terminal 5
Gaslight Anthem (guest: Bruce Springsteen),1,2011-12-09,2011-12-09,Convention Hall
Geddy Lee (In Conversation),1,2023-11-13,2023-11-13,Beacon Theatre
Genesis,1,2007-09-16,2007-09-16,XL Center
Glenn Hughes,1,2018-08-29,2018-08-29,Sony Hall
Gov't Mule,1,1998-09-12,1998-09-12,Irving Plaza
Govt Mule & Avetts,1,2018-07-12,2018-07-12,Jones Beach Theater
Govt Mule and JBLZE,1,2023-08-19,2023-08-19,PNC Bank
Graham Nash,1,2020-03-05,2020-03-05,Tarrytown Music Hall
Green Day and Smashing Pumpkins,1,2024-08-05,2024-08-05,Citi Field
Gregg Allman Beacon 75,1,2022-12-08,2022-12-08,Beacon Theatre
Guster,1,2003-04-25,2003-04-25,QU
"HORDE (Blues Traveler, Barenaked Ladies & Gov't Mule, 
Paula Cole and Ben Harper)",1,1998-07-31,1998-07-31,PNC Bank Arts Center
Harry Connick Jr.,1,2010-07-25,2010-07-25,Neil Simon Theater
Hootie & Blowfish/BNL,1,2019-08-11,2019-08-11,Madison Square Garden
Hootie & the Blowfish & John Hiatt,1,1996-08-03,1996-08-03,Jones Beach Theater
INXS,1,2006-05-05,2006-05-05,Radio City Music Hall
Ian Anderson,1,2010-10-19,2010-10-19,Peekskill
Ian Anderson & Orchestra,1,2006-10-23,2006-10-23,Stamford Center for the Arts
Jack White,1,2025-02-11,2025-02-11,Kings Theatre
Jakob Dylan,1,2010-07-10,2010-07-10,Pleasantville Park
James Blunt,1,2006-10-11,2006-10-11,Radio City Music Hall
James Taylor,1,2014-12-05,2014-12-05,Madison Square Garden
James Taylor & Carole King,1,2010-06-16,2010-06-16,Madison Square Garden
Jason Aldean & Luke Combs & Lauren Alaina,1,2018-08-11,2018-08-11,Madison Square Garden
Jason Isbell & 400 Unit (w. Aimee Mann),1,2024-02-24,2024-02-24,Radio City Music Hall
Jason Isbell + 400 Unit,1,2021-11-19,2021-11-19,Capitol Theatre
Jason Isbell and the 400 Unit,1,2023-07-28,2023-07-28,Capitol Theatre
Jeff Beck & Johnny Depp,1,2022-10-07,2022-10-07,Capitol Theatre
Jeff Beck & Paul Rodgers & Ann Wilson,1,2018-08-14,2018-08-14,Jones Beach Theater
Jeff Lynne's ELO,1,2015-11-20,2015-11-20,Irving Plaza
Jelly Roll,1,2024-09-27,2024-09-27,Madison Square Garden
Jerry Lee Lewis,1,2006-09-26,2006-09-26,FYE
Jesse Malin & St. Marks Social,1,2011-12-10,2011-12-10,Stone Pony
Jesse Malin Benefit,1,2024-12-01,2024-12-01,Beacon Theatre
Joan Baez & Kris Kristofferson,1,2011-11-08,2011-11-08,Beacon Theatre
Joan Jett & the Blackhawks,1,2001-10-01,2001-10-01,Nassau Coliseum
Joe Bonamassa + Styx + Don Felder,1,2023-08-13,2023-08-13,Bethel Woods
Joe Grushecky & the Houserockers,1,2005-02-19,2005-02-19,Stone Pony
Joe Perry Project,1,2025-08-23,2025-08-23,Capitol Theatre
Joe Russo's Almost Dead,1,2025-01-17,2025-01-17,Capitol Theeatr
John Fogerty & Jackson Browne,1,2014-08-05,2014-08-05,Jones Beach Theater
John Fogerty & Willie Nelson,1,2006-08-11,2006-08-11,Jones Beach Theater
John Fogerty with Dr. John & Aaron neville,1,2000-08-19,2000-08-19,Tweeter Center
John Hiatt & Robert Cray Band,1,2014-07-03,2014-07-03,Ridgefield Playhouse
John Hiatt & Taj Mahal,1,2015-08-29,2015-08-29,Klein Theater Bridgeport
John Hiatt + Jerry Douglas Band,1,2021-09-21,2021-09-21,Ridgefield Playhouse
"John Lennon 75th Birthday: Steven Tyler, Fogerty",1,2015-12-05,2015-12-05,MSG Theater
John Mayer,1,2010-02-26,2010-02-26,Madison Square Garden
John Mellencamp & John Fogerty,1,2005-07-16,2005-07-16,PNC Bank Arts Center
John Mellencamp & the Wallflowers,1,2001-09-08,2001-09-08,Jones Beach Theater
John Mellencamp (Bruce appearance),1,2024-03-10,2024-03-10,NJPAC
John Valby,1,1999-07-19,1999-07-19,Mill Hill Club
KISS & Def Leppard,1,2014-08-06,2014-08-06,Jones Beach Theater
Keith Urban & Kris Allen,1,2010-09-05,2010-09-05,Great South Bay Music Festival
Keith Urban & Little Big Town,1,2014-01-29,2014-01-29,Madison Square Garden
Keith Urban with Sugarland,1,2009-10-08,2009-10-08,Madison Square Garden
Kenny Chesney & Jason Aldean,1,2015-08-15,2015-08-15,Metlife
Kenny Chesney & Miranda Lambert,1,2016-08-20,2016-08-20,MetLife Stadium
Kenny Chesney & Thomas Rhett,1,2018-08-18,2018-08-18,MetLife Stadium
Kenny Chesney & Zac Brown,1,2024-08-17,2024-08-17,MetLife Stadium
Kenny Chesney / Dan + Shay / Old Dominion,1,2022-06-18,2022-06-18,Citizens Bank Park
Kenny Chesney and Eric Church,1,2013-08-10,2013-08-10,MetLife Stadium
Kenny Chesney and Tim McGraw,1,2012-08-13,2012-08-13,MetLife Stadium
Kenny Chesney with Chase Rice,1,2015-04-25,2015-04-25,Mohegan Sun Arena
Kenny Chesney/Zac Brown Band,1,2011-08-13,2011-08-13,The Meadowlands
Kenny Rogers,1,,,Westchester County Center
Kip Moore with Wade Bowen and Randy Rogers,1,2017-12-14,2017-12-14,Town Hall
"Kip Moore, Sam Hunt & Charlie Worshem",1,2014-09-25,2014-09-25,Best Buy Theater
Lady A,1,2024-04-05,2024-04-05,Palace Theatre Stamford
Lady Antebellum with Hunter Hayes and Sam Hunt,1,2015-05-29,2015-05-29,Jones Beach Theater
Last Waltz with Warren Haynes + Jamey Johnson,1,2022-11-04,2022-11-04,Capitol Theatre
Lee DeWyze,1,2011-06-29,2011-06-29,Gramercy
Leon Russell & Dave Mason,1,2006-03-10,2006-03-10,NYCB Theatre at Westbury
"Light of Day 13: D'Urso, Grushecky, Malin, Nile, Love",1,2013-01-19,2013-01-19,Paramount
"Light of Day 22  (Grushecky, Nile, Malin, Maddock etc.,)",1,2022-03-12,2022-03-12,Count Basie
"Light of Day: 14 Bruce Springsteen, Joe Grushecky, Jesse Malin, Joe D'Urso, Johnny Reznik",1,2014-01-18,2014-01-18,Paramount Asbury
Little Feat,1,2025-05-08,2025-05-08,Capitol Theatre
Little Steven,1,2018-05-02,2018-05-02,Playstatio Theater
Little Steven & Disciples of Soul,1,2017-09-25,2017-09-25,Gramercy Theater
Little Steven (Peter Wolf),1,2019-11-06,2019-11-06,Beacon Theatre
"Live Earth (Dave Matthews Band, Roger Waters, 
The Police, Bon Jovi, Alicia Keys, John Mayer, 
Melissa Etheridge, Kanye West and Fall Out Boy)",1,2007-07-07,2007-07-07,Giants Stadium
Love for Levon,1,2012-10-03,2012-10-03,Izod Center
Luke Combs,1,2021-11-29,2021-11-29,Madison Square Garden
Luther Guitar Johnson,1,1998-01-25,1998-01-25,Towne Crier
Lyle Lovett & John Hiatt,1,2014-01-19,2014-01-19,Tarrytown Music Hall
Lyle Lovett & Shawn Colvin,1,2018-03-11,2018-03-11,Paramount Huntington
Lyle Lovett (with Lisa Loeb),1,2024-05-01,2024-05-01,Ridgefield Playhouse
Lyle Lovett and His Large Band,1,2025-08-02,2025-08-02,Caramoor
Lynyrd Skynyrd & .38 Special,1,1998-07-22,1998-07-22,PNC Bank Arts Center
Lynyrd Skynyrd & Paul Rodgers,1,1997-06-26,1997-06-26,Jones Beach Theater
Lynyrd Skynyrd & The Doobie Brothers,1,1996-08-10,1996-08-10,PNC Bank Arts Center
Lynyrd Skynyrd & ZZ Top,1,1999-10-08,1999-10-08,Izod Center
Lynyrd Skynyrd/Doobie Brothers,1,2011-08-23,2011-08-23,Jones Beach Theater
"Marcus King Trio (MonoNeon, Chris Dave)",1,2025-01-16,2025-01-16,Blue Note
Marcus Mumford,1,2022-11-07,2022-11-07,Beacon Theatre
Mark Knopfler and Bonnie Raitt,1,2019-09-25,2019-09-25,Madison Square Garden
Max Weinberg,1,2018-07-13,2018-07-13,Tanner Park
Michael Bolton,1,2016-11-25,2016-11-25,Tarrytown Music Hall
Michael Buble,1,2010-11-28,2010-11-28,Madison Square Garden
Montgomery gentry,1,2016-04-02,2016-04-02,Billy Bobs of Texas
Mountain,1,2003-09-06,2003-09-06,Grange Fair
Mumford and Sons with Dawes,1,2012-08-01,2012-08-01,Pier A - Hoboken
My Morning Jacket,1,2023-10-20,2023-10-20,Beacon Theatre
Nathaniel Rateliffe & Night Sweats,1,2021-11-06,2021-11-06,Capitol Theatre
NeedtoBreathe,1,2024-07-26,2024-07-26,Great South Bay Music Festival
Neil Young & Crazy Horse,1,2024-05-14,2024-05-14,Forest Hills
Neil Young & The Chrome Hearts,1,2025-08-24,2025-08-24,Jones Beach Theater
Neil Young & the Pretenders,1,2000-08-12,2000-08-12,Tweeter Center
"Netwon Benefit: Bernie Williams, Ed Kawalczyk, Johhny Winter, Southside Johnny, Richie Scarlett",1,2013-01-20,2013-01-20,
"Newport Folk Festival: Sheryl Crow, Phil Lesh",1,2019-07-26,2019-07-26,Ft. Adams
Noel Gallagher's High Flying Birds,1,2012-04-03,2012-04-03,Riviera Chicago
Outlaw Festival:  Bob Dylan and Willie Nelson,1,2025-08-01,2025-08-01,Jones Beach Theater
"Outlaw Festival:  Willie Nelson, Bob Dylan and Robert Plant",1,2024-06-29,2024-06-29,Jones Beach Theater
Page & Plant,1,1998-07-18,1998-07-18,Izod Center
Passion Pit,1,2013-05-16,2013-05-16,USA Upfront
Pat Benetar & Neil Giraldo,1,2024-07-23,2024-07-23,Beacon Theatre
Paul Rodgers Royal Sessions Live,1,2014-06-19,2014-06-19,Town Hall
Paul Simon & Bob Dylan,1,1999-07-27,1999-07-27,Madison Square Garden
Paul Simon & Brian Wilson,1,2001-07-20,2001-07-20,PNC Bank Arts Center
"Pearl Jam: Global Citizen Festival with Beyonce, Sheeran",1,2015-09-26,2015-09-26,Central Park Great Lawn
Pete Townshend / Quadrophenia,1,2017-09-09,2017-09-09,The Metroplitan Opera
Peter Wolf,1,2011-03-24,2011-03-24,Ridgefield
Post Malone and Jelly Roll,1,2025-06-04,2025-06-04,Citi Field
Primus,1,1995-12-01,1995-12-01,Nassau Coliseum
Queen & Adam Lambert,1,2017-07-28,2017-07-28,Barclays Center
RAIN - Tribute to the Beatles,1,2010-10-25,2010-10-25,Neil Simon Theater
Rage Against the Machine,1,2022-08-09,2022-08-09,Madison Square Garden
Rascal Flatts,1,2016-11-14,2016-11-14,MSG Theater
Ratdog,1,2008-04-03,2008-04-03,Beacon Theatre
Ray Davies,1,1997-04-25,1997-04-25,Paramount - Peekskill
Richard Marx & Rick Springfield,1,2024-01-21,2024-01-21,Capitol Theatre
Richard Thompson (Band),1,2024-10-16,2024-10-16,Tarrytown Music Hall
Riders on the Storm,1,2001-05-01,2001-05-01,Toads
Ringo Starr & His All Sarr Band,1,2019-08-17,2019-08-17,Farmingville Amphitheater
"Ringo Starr & His All Starr Band (Billy Squier, Richard Marx, 
Rod Argent, Sheila E. & Edgar Winter)",1,2006-07-20,2006-07-20,Radio City Music Hall
"Ringo Starr & His All-Starr Band (Kirke, Jack Bruce, Gary Brooker, Frampton, Rivera)",1,1997-06-07,1997-06-07,Jones Beach Theater
Robert Plant & Alison Krauss,1,2008-06-10,2008-06-10,MSG Theater
Robert Plant & Sensational Space Shifters,1,2015-09-17,2015-09-17,Capitol Theatre
Robert Plant + Alison Krauss,1,2022-06-04,2022-06-04,Forest Hills
Rock & Roll Hall Induction 2019,1,2019-03-29,2019-03-29,Barclays Center
"Rock & Roll Hall of Fame 25th: Bruce Springsteen, 
Stevie Wonder, Paul Simon, Simon & Garfunkel, CSN, Jackson Browne, Bonnie Raitt, John Fogerty, James Taylor, Sam Moore, Darlene Love, Billy Joel",1,2009-10-29,2009-10-29,Madison Square Garden
Rock Hall of Fame,1,2017-04-07,2017-04-07,Barclays Center
"Rock Hall of Fame: Cheap Trick, Chicago, Steve Miller, Deep Purple",1,2016-04-08,2016-04-08,Barclays Center
Rock Star Supernova,1,2007-01-31,2007-01-31,Radio City Music Hall
Rockapella,1,2008-12-18,2008-12-18,Ridgefield Playhouse
"Rockland Bergen: Willie Nile, Joe D'Urso, Jesse Malin, John Eddie",1,2014-06-29,2014-06-29,Tappan Park
Rod Stewart & Stevie Nicks,1,2011-03-26,2011-03-26,Madison Square Garden
Rod Stewart and Steve Winwood,1,2013-12-09,2013-12-09,Madison Square Garden
Rod Stewart/Cyndi Lauper,1,2018-08-07,2018-08-07,Madison Square Garden
Roger Daltrey,1,2024-06-18,2024-06-18,Capitol Theatre
Roger McGuinn & John Sebastian,1,2010-04-25,2010-04-25,Tarrytown Music Hall
Ryan Adams,1,2017-02-16,2017-02-16,Apollo Theater
Ryan Bingham (Acoustic),1,2018-04-16,2018-04-16,City Winery
"Ryan Bingham, Terry Allen & Joe Ely",1,2011-04-19,2011-04-19,City Winery
"SEA HEAR NOW: Bruce Springsteen, Trey Anastaio, Kool & Gang",1,2024-09-15,2024-09-15,Asbury Park Beach
"SEA HEAR NOW: Noah Kahan, Black Crowes, Guster, Revivalists, Randolph",1,2024-09-14,2024-09-14,Asbury Park Beach
SNL Concert,1,2025-02-14,2025-02-14,Radio City Music Hall
Sammy Hagar,1,2024-07-24,2024-07-24,Bridgeport
Santana,1,2023-11-05,2023-11-05,House of Blues (Vegas)
Santana & Rusted root,1,1997-07-10,1997-07-10,Thunder Ridge
Sea Hear Now (Green Day),1,2022-09-18,2022-09-18,Asbury Park Beach
"Sea Hear Now (Pearl Jam, Avetts, Patti Smith)",1,2021-09-18,2021-09-18,Asbury Park Beach
"Sea Hear Now (Smashing Pumpkins, Billy Idol, Orville Peck)",1,2021-09-19,2021-09-19,Asbury Park Beach
Sea Hear Now (Stevie Nicks),1,2022-09-17,2022-09-17,Asbury Park Beach
Sha Na Na & the Retrotones,1,2007-12-02,2007-12-02,Ridgefield Playhouse
Shania Twain,1,2015-06-30,2015-06-30,Madison Square Garden
Slash (4 Songs),1,2010-09-13,2010-09-13,The Meadowlands
Soulshine Benefit,1,2024-11-24,2024-11-24,Madison Square Garden
Soulshine and Stella Blues Band tributes to Allman and Dead,1,2024-11-27,2024-11-27,Tarrytown Music Hall
Springsteen: Stand Up for Heroes (with Eric Church),1,2018-11-05,2018-11-05,MSG Theater
"Stand Up for Heroes:  Bruce Springsteen, Norah Jones",1,2024-11-11,2024-11-11,Lincoln Center
Steel Panther,1,2012-04-18,2012-04-18,Irving Plaza
Steely Dan & Michael McDonald,1,2006-08-17,2006-08-17,Jones Beach Theater
Stella Blue's Band (acoustic),1,2024-10-26,2024-10-26,Garcia's
Stephen Stills,1,2007-05-16,2007-05-16,Peekskill
Steve Earle & Friends,1,2016-12-05,2016-12-05,Town Hall
Steve Earle & Robert Earl Keen,1,2014-02-01,2014-02-01,Capitol Theatre
Steve Earle (Coal Country Play),1,2022-03-22,2022-03-22,Cherry Lane Theatre
Steve Earle and Shawn Colvin,1,2014-09-26,2014-09-26,Capitol Theatre
"Steve Earle, John Mellencamp, Amy Helm, Dave Bromberg",1,2023-12-03,2023-12-03,Town Hall
Steve Miller Band & Doobie Brothers,1,2007-07-28,2007-07-28,Jones Beach Theater
Steve Miller Band with Dave Mason,1,2023-06-24,2023-06-24,Bridgeport Amphitheatre
Steve Miller Band/Peter Frampton,1,2018-06-27,2018-06-27,Radio City Music Hall
Steve Winwood,1,2015-04-24,2015-04-24,Capitol Theatre
Steven Tyler,1,2015-09-10,2015-09-10,Melrose Ballroom
Stevie Nicks,1,2001-07-21,2001-07-21,PNC Bank Arts Center
Sting & Paul Simon,1,2014-03-06,2014-03-06,Madison Square Garden
Sting + Joe Sumner,1,2023-09-08,2023-09-08,Jones Beach Theater
Sting with Philharmonic,1,2010-07-13,2010-07-13,Metroplitan Opera
Stugill Simpson,1,2024-10-19,2024-10-19,Forest Hills
Sturgill Simpson,1,2017-09-14,2017-09-14,Radio City Music Hall
"T-Bone Burnett's Speaking Clock Revue: 
Elton John & Leon Russell, John Mellencamp, Jeff Bridges, Elvis Costello, Punch Brothers, Secret Sisters, Gregg Allman",1,2010-10-20,2010-10-20,Beacon Theatre
Tedeschi Trucks Band & Buddy Guy,1,2025-05-20,2025-05-20,Beacon Theatre
Tedeschi/Winwood??,1,,,
Temple of the Dog,1,2016-11-07,2016-11-07,Madison Square Garden
The Band,1,1996-07-04,1996-07-04,Wall Street
The Beach Boys,1,2008-07-03,2008-07-03,Ives Center
The Eagles + Steely Dan,1,2023-09-07,2023-09-07,Madison Square Garden
The Killers (w. Johnny Marr),1,2022-09-30,2022-09-30,Madison Square Garden
The Last Waltz,1,2024-11-08,2024-11-08,Capitol Theatre
The Other Ones,1,2002-11-22,2002-11-22,XL Center
The Record Company,1,2019-04-05,2019-04-05,Capitol Theatre
The Rolling Stones & Kanye West,1,2006-09-27,2006-09-27,Giants Stadium
The Who & Robert Plant,1,2002-08-31,2002-08-31,Jones Beach Theater
The Who & The Wallflowers,1,2000-10-03,2000-10-03,Madison Square Garden
The Who & the Pretenders,1,2006-11-28,2006-11-28,Bridgeport
The Who (w. Orchestra),1,2019-09-01,2019-09-01,Madison Square Garden
Tim McGraw,1,2022-06-03,2022-06-03,Jones Beach Theater
Tim McGraw (w. John Meachum),1,2019-06-11,2019-06-11,Beacon Theatre
Tina Turner & Joe Cocker,1,2000-10-01,2000-10-01,Nassau Coliseum
Tom Morello,1,2019-09-20,2019-09-20,Minetta Lane
Tom Petty & The Heartbreakers & Black Crowes,1,2005-06-21,2005-06-21,Jones Beach Theater
Tom Petty & the Heartbreakers & Allman Brothers Band,1,2006-08-12,2006-08-12,The Meadowlands
Tom Petty & the Heartbreakers & Bob Dylan,1,2003-08-09,2003-08-09,PNC Bank Arts Center
Tom Petty & the Heartbreakers & Brian Setzer Trio,1,2002-07-13,2002-07-13,"Montage Mt,  Scranton PA"
Tom Petty and the Heartbreakers with Buddy Guy,1,2010-07-28,2010-07-28,Madison Square Garden
Tom Petty and the Heartbreakers with Crosby Stills and Nash,1,2010-07-28,2010-07-28,The Meadowlands
Tom Petty and the Heartbreakers with My Morning Jacket,1,2010-08-24,2010-08-24,Izod Center
Tommy Emmanuel w. Larry Campbell & Teresa Williams,1,2023-09-15,2023-09-15,Paramount Peekskill
Tony Bennett,1,2008-12-04,2008-12-04,NYCB Theatre at Westbury
Travis Tritt,1,2019-09-15,2019-09-15,NYCB Theatre at Westbury
Tribute to Phil Lesh / Graham Lesh & Friends,1,2025-03-15,2025-03-15,Capitol Theatre
Tribute to Phil Lesh / Graham Lesh & Friends (Q),1,2025-03-17,2025-03-17,Capitol Theatre
U2:  Bono,1,2022-11-02,2022-11-02,Beacon Theatre
Van Halen (Hagar),1,2004-06-22,2004-06-22,Izod Center
Van Halen 3 (Cherone) / Creed,1,1998-05-22,1998-05-22,Madison Square Garden
Van Morrison,1,2006-04-24,2006-04-24,MSG Theater
Van Morrison and Tom Jones,1,2022-09-10,2022-09-10,Forest Hills
Wallflowers,1,2024-11-12,2024-11-12,Capitol Theatre
Walter Trout,1,2024-08-28,2024-08-28,Daryls House
Warren Haynes,1,2022-03-11,2022-03-11,Ridgefield Playhouse
Warren Haynes + Chris Stapleton,1,2015-10-01,2015-10-01,Capitol Theatre
Warren Haynes - Solo,1,2012-10-11,2012-10-11,Capitol Theatre
Warren Haynes Band,1,2011-05-12,2011-05-12,Beacon Theatre
Warren Haynes Jerry Symphonny,1,2016-08-08,2016-08-08,Rumsey Playfield
Whitney Houston,1,1994-06-20,1994-06-20,Nassau Coliseum
Wilder Woods,1,2025-03-11,2025-03-11,Bowery
Will Hoge & Wild Feathers,1,2023-03-21,2023-03-21,Gramercy Theater
Wille Nile,1,2021-12-18,2021-12-18,Daryl's House
Willie Nelson,1,1999-07-18,1999-07-18,Melody Tent
Willie Nelson & Alison Krauss & Kacey Musgraves,1,2014-06-10,2014-06-10,Radio City Music Hall
"YES, Asia, John Lodge, Carl Palmer",1,2019-06-20,2019-06-20,Westchester County Center
ZZ Top?,1,,,
ZZTop & Kansas,1,1997-07-13,1997-07-13,Jones Beach Theater
Zac Brown Band w. King Calaway,1,2023-09-17,2023-09-17,Jones Beach Theater
Zac Brown Band with Blackberry Smoke,1,2012-11-18,2012-11-18,Izod Center
Zac Brown Band with Drake White,1,2015-09-06,2015-09-06,SPAC
